user_id,UserId
1,16d91ac2571-4190-658c-f14-f5eb
2,16d7753703a-52a0-b681-ce72-36ad
3,16d5e91c032-d68b-83d4-152f-2968
4,16d5d963654-6335-5cf-b700-fe7e
5,16d55a59e7b-47ec-e215-a2c5-f248
6,16d528031aa-9a4d-636-fe82-4190
7,16d4fbc82c2-c825-65f-bddb-eb16
8,16d4f5b06d3-368e-7ae7-a59e-960
9,16d498285ca-6648-e6a4-d65-5242
10,16d4ea8d961-669b-a8ca-c21c-6e0d
11,16d4a5baa45-2015-ae2b-3851-c80
12,16d49c94b47-8fda-468e-5f30-aefd
13,16d49b9296b-9d87-c77c-ea5-19a4
14,16d3fd467b5-e0e1-44be-3cfe-3034
15,16d44db6334-2af0-43b5-10be-59f7
16,16d44793a2e-f34a-9597-8dcd-e6af
17,16d43d259a9-21f7-329b-6e1b-bb1b
18,16d43aae40b-f48e-d19-25d-9e3
19,16d404b7e4c-9a0d-943c-d1af-1154
20,16d4037b9b0-8f5d-9c27-62e0-129a
21,16d3fd3def8-22ed-652a-4755-ec5d
22,16d3f7c49c1-bad3-bbdf-9aad-afe5
23,16d3f7a0573-d8d0-f0e9-538b-417a
24,16d3f6ee60b-217e-b8b2-d105-2e98
25,16d3f68f53c-e3ad-51ac-ef62-c574
26,16d3f213a71-8b94-2bab-66f4-2b16
27,16d3ef7ca06-6c4b-3b9e-c3cb-dd50
28,16d3ecafa5e-dc6f-45bf-bf77-482d
29,16d3e492e4d-6027-f418-96c4-aa74
30,16d3e386b13-c9d0-85b2-b6e0-e642
